J,delta,theta,time_interval,sample_num,evol_num,train_set_type,loss,gate_fidelity,length
1.0,1.0,0.0,0.02,1,1,product,multi_mags,0.9652564113159416,10
1.0,1.0,0.0,0.02,1,2,product,multi_mags,0.9857900031895658,10
1.0,1.0,0.0,0.02,1,3,product,multi_mags,0.9471965369365372,10
1.0,1.0,0.0,0.02,1,4,product,multi_mags,0.7875040072314741,10
1.0,1.0,0.0,0.02,1,5,product,multi_mags,0.9780082455713708,10
1.0,1.0,0.0,0.02,1,6,product,multi_mags,0.9243123477036256,10
1.0,1.0,0.0,0.02,1,7,product,multi_mags,0.9831504338151124,10
1.0,1.0,0.0,0.02,1,8,product,multi_mags,0.5977293854374088,10
1.0,1.0,0.0,0.02,1,9,product,multi_mags,0.9866205632032798,10
1.0,1.0,0.0,0.02,1,10,product,multi_mags,0.9787562222688976,10
1.0,1.0,0.0,0.02,1,20,product,multi_mags,0.9852424657412452,10
1.0,1.0,0.0,0.02,1,30,product,multi_mags,0.9417175650311642,10
1.0,1.0,0.0,0.02,1,40,product,multi_mags,0.9531854754277346,10
1.0,1.0,0.0,0.02,1,50,product,multi_mags,0.9839775717345232,10
1.0,1.0,0.0,0.02,1,60,product,multi_mags,0.9764865045768868,10
1.0,1.0,0.0,0.02,1,70,product,multi_mags,0.984870381587794,10
1.0,1.0,0.0,0.02,1,80,product,multi_mags,0.9643201254240052,10
1.0,1.0,0.0,0.02,1,90,product,multi_mags,0.9905324636418534,10
1.0,1.0,0.0,0.02,1,100,product,multi_mags,0.9798052661116546,10
1.0,1.0,0.0,0.08,1,1,product,multi_mags,0.9685798400358604,10
1.0,1.0,0.0,0.1,1,1,product,multi_mags,0.9420428371034538,10
1.0,1.0,0.0,0.04,1,1,product,multi_mags,0.3769687994956568,10
1.0,1.0,0.0,0.6,1,1,product,multi_mags,0.4636541074978432,10
1.0,1.0,0.0,0.4,1,1,product,multi_mags,0.7701365684228871,10
1.0,1.0,0.0,0.2,1,1,product,multi_mags,0.9044902321913484,10
1.0,1.0,0.0,0.06,1,1,product,multi_mags,0.327439591772458,10
1.0,1.0,0.0,0.8,1,1,product,multi_mags,0.3068831275834972,10
1.0,1.0,0.0,0.1,1,2,product,multi_mags,0.9767749648542432,10
1.0,1.0,0.0,0.08,1,2,product,multi_mags,0.8439307926560811,10
1.0,1.0,0.0,0.04,1,2,product,multi_mags,0.981413486464248,10
1.0,1.0,0.0,0.6,1,2,product,multi_mags,0.6718471979588324,10
1.0,1.0,0.0,0.2,1,2,product,multi_mags,0.9417933536882248,10
1.0,1.0,0.0,0.4,1,2,product,multi_mags,0.8413810962353766,10
1.0,1.0,0.0,0.06,1,2,product,multi_mags,0.9451824763759282,10
1.0,1.0,0.0,0.8,1,2,product,multi_mags,0.4916327327916865,10
1.0,1.0,0.0,0.08,1,3,product,multi_mags,0.9715074032896152,10
1.0,1.0,0.0,0.1,1,3,product,multi_mags,0.96884115569335,10
1.0,1.0,0.0,0.04,1,3,product,multi_mags,0.9724548598896924,10
1.0,1.0,0.0,0.6,1,3,product,multi_mags,0.7608746365165466,10
1.0,1.0,0.0,0.2,1,3,product,multi_mags,0.948892832011776,10
1.0,1.0,0.0,0.4,1,3,product,multi_mags,0.8646513149257444,10
1.0,1.0,0.0,0.06,1,3,product,multi_mags,0.9360683069457146,10
1.0,1.0,0.0,0.8,1,3,product,multi_mags,0.7073291506303093,10
1.0,1.0,0.0,0.08,1,4,product,multi_mags,0.9816538440762688,10
1.0,1.0,0.0,0.1,1,4,product,multi_mags,0.9707934700705774,10
1.0,1.0,0.0,0.04,1,4,product,multi_mags,0.973870201577006,10
1.0,1.0,0.0,0.6,1,4,product,multi_mags,0.8581042096462956,10
1.0,1.0,0.0,0.2,1,4,product,multi_mags,0.945415245920614,10
1.0,1.0,0.0,0.4,1,4,product,multi_mags,0.909056045805416,10
1.0,1.0,0.0,0.06,1,4,product,multi_mags,0.974847787660064,10
1.0,1.0,0.0,0.8,1,4,product,multi_mags,0.639527951456937,10
1.0,1.0,0.0,0.08,1,5,product,multi_mags,0.9772640791542012,10
1.0,1.0,0.0,0.1,1,5,product,multi_mags,0.9719534858178176,10
1.0,1.0,0.0,0.6,1,5,product,multi_mags,0.7963116696036976,10
1.0,1.0,0.0,0.04,1,5,product,multi_mags,0.9253367367131696,10
1.0,1.0,0.0,0.2,1,5,product,multi_mags,0.958717602604046,10
1.0,1.0,0.0,0.4,1,5,product,multi_mags,0.9344386003382054,10
1.0,1.0,0.0,0.06,1,5,product,multi_mags,0.889598855200853,10
1.0,1.0,0.0,0.8,1,5,product,multi_mags,0.8622358221998613,10
1.0,1.0,0.0,0.08,1,6,product,multi_mags,0.9858158793594834,10
1.0,1.0,0.0,0.1,1,6,product,multi_mags,0.955696571481949,10
1.0,1.0,0.0,0.04,1,6,product,multi_mags,0.9358719943700444,10
1.0,1.0,0.0,0.6,1,6,product,multi_mags,0.8405089512142933,10
1.0,1.0,0.0,0.2,1,6,product,multi_mags,0.9664445306527404,10
1.0,1.0,0.0,0.4,1,6,product,multi_mags,0.9325275693996664,10
1.0,1.0,0.0,0.06,1,6,product,multi_mags,0.9437174710068358,10
1.0,1.0,0.0,0.8,1,6,product,multi_mags,0.8870007807240939,10
1.0,1.0,0.0,0.08,1,7,product,multi_mags,0.9645159336060312,10
1.0,1.0,0.0,0.1,1,7,product,multi_mags,0.9739197162827103,10
1.0,1.0,0.0,0.2,1,7,product,multi_mags,0.9698287708962794,10
1.0,1.0,0.0,0.04,1,7,product,multi_mags,0.9730287862379506,10
1.0,1.0,0.0,0.6,1,7,product,multi_mags,0.932877253539834,10
1.0,1.0,0.0,0.4,1,7,product,multi_mags,0.9662960565607872,10
1.0,1.0,0.0,0.06,1,7,product,multi_mags,0.9752141578913128,10
1.0,1.0,0.0,0.08,1,8,product,multi_mags,0.9798024173285844,10
1.0,1.0,0.0,0.8,1,7,product,multi_mags,0.8388239625908335,10
1.0,1.0,0.0,0.1,1,8,product,multi_mags,0.9690283984629224,10
1.0,1.0,0.0,0.2,1,8,product,multi_mags,0.9602889564920232,10
1.0,1.0,0.0,0.04,1,8,product,multi_mags,0.9843833868181568,10
1.0,1.0,0.0,0.6,1,8,product,multi_mags,0.9101831009678284,10
1.0,1.0,0.0,0.4,1,8,product,multi_mags,0.9447036711518284,10
1.0,1.0,0.0,0.06,1,8,product,multi_mags,0.978824301141272,10
1.0,1.0,0.0,0.08,1,9,product,multi_mags,0.9757486016135392,10
1.0,1.0,0.0,0.2,1,9,product,multi_mags,0.9749053162906862,10
1.0,1.0,0.0,0.6,1,9,product,multi_mags,0.977585653476424,10
1.0,1.0,0.0,0.1,1,9,product,multi_mags,0.9796587366543844,10
1.0,1.0,0.0,0.04,1,9,product,multi_mags,0.9741500975248458,10
1.0,1.0,0.0,0.8,1,8,product,multi_mags,0.9509825787145348,10
1.0,1.0,0.0,0.4,1,9,product,multi_mags,0.9578942673634914,10
1.0,1.0,0.0,0.06,1,9,product,multi_mags,0.9860694284659556,10
1.0,1.0,0.0,0.08,1,10,product,multi_mags,0.9817617752912224,10
1.0,1.0,0.0,0.2,1,10,product,multi_mags,0.979114937969703,10
1.0,1.0,0.0,0.6,1,10,product,multi_mags,0.967398000923452,10
1.0,1.0,0.0,0.1,1,10,product,multi_mags,0.976938761000776,10
1.0,1.0,0.0,0.04,1,10,product,multi_mags,0.984829514916539,10
1.0,1.0,0.0,0.4,1,10,product,multi_mags,0.9724927809114604,10
1.0,1.0,0.0,0.8,1,9,product,multi_mags,0.9741058041593748,10
1.0,1.0,0.0,0.06,1,10,product,multi_mags,0.9882118566315854,10
1.0,1.0,0.0,0.08,1,20,product,multi_mags,0.9794973744872842,10
1.0,1.0,0.0,0.2,1,20,product,multi_mags,0.9874365440636742,10
1.0,1.0,0.0,0.6,1,20,product,multi_mags,0.9992113869946582,10
1.0,1.0,0.0,0.04,1,20,product,multi_mags,0.9795835061430548,10
1.0,1.0,0.0,0.1,1,20,product,multi_mags,0.9832667200487072,10
1.0,1.0,0.0,0.4,1,20,product,multi_mags,0.9940144931044956,10
1.0,1.0,0.0,0.8,1,10,product,multi_mags,0.9597460856909096,10
1.0,1.0,0.0,0.06,1,20,product,multi_mags,0.980620738469074,10
1.0,1.0,0.0,0.08,1,30,product,multi_mags,0.9886479815818902,10
1.0,1.0,0.0,0.2,1,30,product,multi_mags,0.986780062037572,10
1.0,1.0,0.0,0.6,1,30,product,multi_mags,0.9995794390182984,10
1.0,1.0,0.0,0.04,1,30,product,multi_mags,0.9849782115482044,10
1.0,1.0,0.0,0.1,1,30,product,multi_mags,0.9930658187748932,10
1.0,1.0,0.0,0.4,1,30,product,multi_mags,0.998744909162574,10
1.0,1.0,0.0,0.8,1,20,product,multi_mags,0.9996776193763248,10
1.0,1.0,0.0,0.06,1,30,product,multi_mags,0.9742947013817604,10
1.0,1.0,0.0,0.2,1,40,product,multi_mags,0.9985140543131152,10
1.0,1.0,0.0,0.6,1,40,product,multi_mags,0.9994766626281836,10
1.0,1.0,0.0,0.08,1,40,product,multi_mags,0.9941510288529974,10
1.0,1.0,0.0,0.04,1,40,product,multi_mags,0.9890619406411582,10
1.0,1.0,0.0,0.1,1,40,product,multi_mags,0.9945400427705618,10
1.0,1.0,0.0,0.4,1,40,product,multi_mags,0.9957154991398548,10
1.0,1.0,0.0,0.8,1,30,product,multi_mags,0.998822931053684,10
1.0,1.0,0.0,0.06,1,40,product,multi_mags,0.9866717809023432,10
1.0,1.0,0.0,0.2,1,50,product,multi_mags,0.9990160546513764,10
1.0,1.0,0.0,0.6,1,50,product,multi_mags,0.9996591606270828,10
1.0,1.0,0.0,0.04,1,50,product,multi_mags,0.993211310837024,10
1.0,1.0,0.0,0.08,1,50,product,multi_mags,0.994113306213676,10
1.0,1.0,0.0,0.1,1,50,product,multi_mags,0.9944884716328014,10
1.0,1.0,0.0,0.4,1,50,product,multi_mags,0.9995358888368272,10
1.0,1.0,0.0,0.8,1,40,product,multi_mags,0.9990592757839536,10
1.0,1.0,0.0,0.06,1,50,product,multi_mags,0.992407571661219,10
1.0,1.0,0.0,0.2,1,60,product,multi_mags,0.99986952346828,10
1.0,1.0,0.0,0.04,1,60,product,multi_mags,0.9862198944589724,10
1.0,1.0,0.0,0.08,1,60,product,multi_mags,0.9988633092361716,10
1.0,1.0,0.0,0.6,1,60,product,multi_mags,0.99986302380771,10
1.0,1.0,0.0,0.1,1,60,product,multi_mags,0.9995944861532536,10
1.0,1.0,0.0,0.4,1,60,product,multi_mags,0.9994595859330272,10
1.0,1.0,0.0,0.8,1,50,product,multi_mags,0.99972856778687,10
1.0,1.0,0.0,0.06,1,60,product,multi_mags,0.9958924896659558,10
1.0,1.0,0.0,0.2,1,70,product,multi_mags,0.9997634757242928,10
1.0,1.0,0.0,0.04,1,70,product,multi_mags,0.9941449481564498,10
1.0,1.0,0.0,0.08,1,70,product,multi_mags,0.9954949187815452,10
1.0,1.0,0.0,0.6,1,70,product,multi_mags,0.99967170390714,10
1.0,1.0,0.0,0.1,1,70,product,multi_mags,0.9986012321086306,10
1.0,1.0,0.0,0.4,1,70,product,multi_mags,0.9997701300758536,10
1.0,1.0,0.0,0.8,1,60,product,multi_mags,0.9997726395882112,10
1.0,1.0,0.0,0.06,1,70,product,multi_mags,0.998407658107912,10
1.0,1.0,0.0,0.2,1,80,product,multi_mags,0.9994753101713838,10
1.0,1.0,0.0,0.04,1,80,product,multi_mags,0.998748380558544,10
1.0,1.0,0.0,0.08,1,80,product,multi_mags,0.99859543828739,10
1.0,1.0,0.0,0.6,1,80,product,multi_mags,0.999703883522174,10
1.0,1.0,0.0,0.1,1,80,product,multi_mags,0.9989062745200206,10
1.0,1.0,0.0,0.4,1,80,product,multi_mags,0.9996646438978956,10
1.0,1.0,0.0,0.8,1,70,product,multi_mags,0.9996918882439434,10
1.0,1.0,0.0,0.06,1,80,product,multi_mags,0.9973942476861988,10
1.0,1.0,0.0,0.2,1,90,product,multi_mags,0.9998187876939724,10
1.0,1.0,0.0,0.04,1,90,product,multi_mags,0.9990073738118224,10
1.0,1.0,0.0,0.08,1,90,product,multi_mags,0.9993228064976476,10
1.0,1.0,0.0,0.6,1,90,product,multi_mags,0.9997648512376508,10
1.0,1.0,0.0,0.1,1,90,product,multi_mags,0.9993769306145982,10
1.0,1.0,0.0,0.4,1,90,product,multi_mags,0.9997841245228204,10
1.0,1.0,0.0,0.8,1,80,product,multi_mags,0.9997570808955966,10
1.0,1.0,0.0,0.06,1,90,product,multi_mags,0.9992887692822544,10
1.0,1.0,0.0,0.2,1,100,product,multi_mags,0.9997109820289796,10
1.0,1.0,0.0,0.04,1,100,product,multi_mags,0.9971535738684172,10
1.0,1.0,0.0,0.08,1,100,product,multi_mags,0.999727974375325,10
1.0,1.0,0.0,0.6,1,100,product,multi_mags,0.9997102444643244,10
1.0,1.0,0.0,0.1,1,100,product,multi_mags,0.999326214149902,10
1.0,1.0,0.0,0.4,1,100,product,multi_mags,0.9997882826359832,10
1.0,1.0,0.0,0.8,1,90,product,multi_mags,0.9996654510322096,10
1.0,1.0,0.0,0.06,1,100,product,multi_mags,0.99881239659017,10
1.0,1.0,0.0,0.8,1,100,product,multi_mags,0.9997172542077508,10
1.0,1.0,0.1,0.1,1,1,product,multi_mags,0.965418736920874,10
1.0,1.0,0.1,0.1,1,2,product,multi_mags,0.9778687511215975,10
1.0,1.0,0.1,0.1,1,3,product,multi_mags,0.9792210361761556,10
1.0,1.0,0.1,0.1,1,4,product,multi_mags,0.9713966183822664,10
1.0,1.0,0.1,0.1,1,5,product,multi_mags,0.980174870403157,10
1.0,1.0,0.1,0.1,1,6,product,multi_mags,0.97744632647208,10
1.0,1.0,0.1,0.1,1,7,product,multi_mags,0.9769151469585676,10
1.0,1.0,0.1,0.1,1,8,product,multi_mags,0.9785669216203182,10
1.0,1.0,0.1,0.1,1,9,product,multi_mags,0.9768327899398354,10
1.0,1.0,0.1,0.1,1,10,product,multi_mags,0.983354242222428,10
1.0,1.0,0.1,0.1,1,20,product,multi_mags,0.985708172445468,10
1.0,1.0,0.1,0.1,1,30,product,multi_mags,0.9898679847647353,10
1.0,1.0,0.1,0.1,1,40,product,multi_mags,0.9975645466274128,10
1.0,1.0,0.1,0.1,1,50,product,multi_mags,0.999172821425134,10
1.0,1.0,0.1,0.1,1,60,product,multi_mags,0.9960996061531922,10
1.0,1.0,0.1,0.1,1,70,product,multi_mags,0.9995977531155014,10
1.0,1.0,0.1,0.1,1,80,product,multi_mags,0.9995456860065068,10
1.0,1.0,0.1,0.1,1,90,product,multi_mags,0.999700809032522,10
1.0,1.0,0.1,0.1,1,100,product,multi_mags,0.999585406615568,10
1.0,1.0,0.1,0.8,1,1,product,multi_mags,0.2961847490610157,10
1.0,1.0,0.1,0.02,1,1,product,multi_mags,0.9213303766878952,10
1.0,1.0,0.1,0.04,1,1,product,multi_mags,0.954998356547898,10
1.0,1.0,0.1,0.08,1,1,product,multi_mags,0.8427283649965004,10
1.0,1.0,0.1,0.06,1,1,product,multi_mags,0.9831810780102704,10
1.0,1.0,0.1,0.2,1,1,product,multi_mags,0.7431743674375806,10
1.0,1.0,0.1,0.8,1,2,product,multi_mags,0.4577249635263579,10
1.0,1.0,0.1,0.04,1,2,product,multi_mags,0.987472149435418,10
1.0,1.0,0.1,0.02,1,2,product,multi_mags,0.9839924347791328,10
1.0,1.0,0.1,0.08,1,2,product,multi_mags,0.9789981220194512,10
1.0,1.0,0.1,0.06,1,2,product,multi_mags,0.9831641102578964,10
1.0,1.0,0.1,0.2,1,2,product,multi_mags,0.930807254898818,10
1.0,1.0,0.1,0.8,1,3,product,multi_mags,0.6773991703555511,10
1.0,1.0,0.1,0.04,1,3,product,multi_mags,0.9678022308478352,10
1.0,1.0,0.1,0.02,1,3,product,multi_mags,0.9822948256649896,10
1.0,1.0,0.1,0.4,1,1,product,multi_mags,0.7270428970180095,10
1.0,1.0,0.1,0.06,1,3,product,multi_mags,0.9726934190535216,10
1.0,1.0,0.1,0.08,1,3,product,multi_mags,0.974069561672,10
1.0,1.0,0.1,0.2,1,3,product,multi_mags,0.9632293092770798,10
1.0,1.0,0.1,0.6,1,1,product,multi_mags,0.4612901022524868,10
1.0,1.0,0.1,0.8,1,4,product,multi_mags,0.7225383306938176,10
1.0,1.0,0.1,0.04,1,4,product,multi_mags,0.9506731371701734,10
1.0,1.0,0.1,0.02,1,4,product,multi_mags,0.9831120780836688,10
1.0,1.0,0.1,0.4,1,2,product,multi_mags,0.8445561817288095,10
1.0,1.0,0.1,0.06,1,4,product,multi_mags,0.9834170853815276,10
1.0,1.0,0.1,0.08,1,4,product,multi_mags,0.9746996173306836,10
1.0,1.0,0.1,0.2,1,4,product,multi_mags,0.9506896523677232,10
1.0,1.0,0.1,0.6,1,2,product,multi_mags,0.6874253135188371,10
1.0,1.0,0.1,0.8,1,5,product,multi_mags,0.7910540059484975,10
1.0,1.0,0.1,0.04,1,5,product,multi_mags,0.8482458518173908,10
1.0,1.0,0.1,0.02,1,5,product,multi_mags,0.9550612424264578,10
1.0,1.0,0.1,0.06,1,5,product,multi_mags,0.7539488451197801,10
1.0,1.0,0.1,0.08,1,5,product,multi_mags,0.9665575058132482,10
1.0,1.0,0.1,0.4,1,3,product,multi_mags,0.8940192111868593,10
1.0,1.0,0.1,0.2,1,5,product,multi_mags,0.9651886313948874,10
1.0,1.0,0.1,0.6,1,3,product,multi_mags,0.8009542665798034,10
1.0,1.0,0.1,0.8,1,6,product,multi_mags,0.7598568132377266,10
1.0,1.0,0.1,0.04,1,6,product,multi_mags,0.9536911247699243,10
1.0,1.0,0.1,0.02,1,6,product,multi_mags,0.9712166828490753,10
1.0,1.0,0.1,0.06,1,6,product,multi_mags,0.9333734937465216,10
1.0,1.0,0.1,0.08,1,6,product,multi_mags,0.9773882637380265,10
1.0,1.0,0.1,0.4,1,4,product,multi_mags,0.906582931871375,10
1.0,1.0,0.1,0.2,1,6,product,multi_mags,0.9599814017401012,10
1.0,1.0,0.1,0.6,1,4,product,multi_mags,0.870958990470857,10
1.0,1.0,0.1,0.04,1,7,product,multi_mags,0.9847911509503482,10
1.0,1.0,0.1,0.02,1,7,product,multi_mags,0.975491935454222,10
1.0,1.0,0.1,0.8,1,7,product,multi_mags,0.8643908861237193,10
1.0,1.0,0.1,0.06,1,7,product,multi_mags,0.9855186293535332,10
1.0,1.0,0.1,0.08,1,7,product,multi_mags,0.9876628694849922,10
1.0,1.0,0.1,0.4,1,5,product,multi_mags,0.902905301662288,10
1.0,1.0,0.1,0.2,1,7,product,multi_mags,0.9706259830597036,10
1.0,1.0,0.1,0.02,1,8,product,multi_mags,0.9884939717155202,10
1.0,1.0,0.1,0.04,1,8,product,multi_mags,0.9817152816825104,10
1.0,1.0,0.1,0.8,1,8,product,multi_mags,0.9141569472703416,10
1.0,1.0,0.1,0.6,1,5,product,multi_mags,0.8878780602329586,10
1.0,1.0,0.1,0.06,1,8,product,multi_mags,0.9786691422318728,10
1.0,1.0,0.1,0.08,1,8,product,multi_mags,0.9758576138752372,10
1.0,1.0,0.1,0.2,1,8,product,multi_mags,0.9581377642839582,10
1.0,1.0,0.1,0.4,1,6,product,multi_mags,0.937287706031555,10
1.0,1.0,0.1,0.02,1,9,product,multi_mags,0.8594029276377659,10
1.0,1.0,0.1,0.04,1,9,product,multi_mags,0.9877928570031348,10
1.0,1.0,0.1,0.8,1,9,product,multi_mags,0.9604529945388822,10
1.0,1.0,0.1,0.6,1,6,product,multi_mags,0.8957568493551364,10
1.0,1.0,0.1,0.06,1,9,product,multi_mags,0.9755808905330324,10
1.0,1.0,0.1,0.08,1,9,product,multi_mags,0.9806109160655126,10
1.0,1.0,0.1,0.2,1,9,product,multi_mags,0.9711954664838136,10
1.0,1.0,0.1,0.4,1,7,product,multi_mags,0.9196001936737244,10
1.0,1.0,0.1,0.02,1,10,product,multi_mags,0.9578171043410167,10
1.0,1.0,0.1,0.04,1,10,product,multi_mags,0.9840385579290064,10
1.0,1.0,0.1,0.8,1,10,product,multi_mags,0.9447870126005212,10
1.0,1.0,0.1,0.6,1,7,product,multi_mags,0.8908736991561548,10
1.0,1.0,0.1,0.08,1,10,product,multi_mags,0.973781460310107,10
1.0,1.0,0.1,0.06,1,10,product,multi_mags,0.9706464009498708,10
1.0,1.0,0.1,0.2,1,10,product,multi_mags,0.9762024404978796,10
1.0,1.0,0.1,0.4,1,8,product,multi_mags,0.940152801001174,10
1.0,1.0,0.1,0.02,1,20,product,multi_mags,0.9841004271427376,10
1.0,1.0,0.1,0.04,1,20,product,multi_mags,0.9879567298162532,10
1.0,1.0,0.1,0.8,1,20,product,multi_mags,0.998835760646363,10
1.0,1.0,0.1,0.6,1,8,product,multi_mags,0.964278449564618,10
1.0,1.0,0.1,0.08,1,20,product,multi_mags,0.97080865245828,10
1.0,1.0,0.1,0.06,1,20,product,multi_mags,0.9860114764789032,10
1.0,1.0,0.1,0.2,1,20,product,multi_mags,0.989824253761229,10
1.0,1.0,0.1,0.4,1,9,product,multi_mags,0.9611024736883554,10
1.0,1.0,0.1,0.02,1,30,product,multi_mags,0.978932430107522,10
1.0,1.0,0.1,0.04,1,30,product,multi_mags,0.9758992142960358,10
1.0,1.0,0.1,0.8,1,30,product,multi_mags,0.9973908111420148,10
1.0,1.0,0.1,0.6,1,9,product,multi_mags,0.9465882025257184,10
1.0,1.0,0.1,0.08,1,30,product,multi_mags,0.9933785735804396,10
1.0,1.0,0.1,0.06,1,30,product,multi_mags,0.986738651756817,10
1.0,1.0,0.1,0.2,1,30,product,multi_mags,0.9970173890943624,10
1.0,1.0,0.1,0.02,1,40,product,multi_mags,0.9862143971261608,10
1.0,1.0,0.1,0.04,1,40,product,multi_mags,0.9903320583413824,10
1.0,1.0,0.1,0.4,1,10,product,multi_mags,0.9593407702416108,10
1.0,1.0,0.1,0.8,1,40,product,multi_mags,0.9995059593017735,10
1.0,1.0,0.1,0.08,1,40,product,multi_mags,0.9915057761974037,10
1.0,1.0,0.1,0.06,1,40,product,multi_mags,0.9910092255737788,10
1.0,1.0,0.1,0.6,1,10,product,multi_mags,0.9233794981765971,10
1.0,1.0,0.1,0.2,1,40,product,multi_mags,0.9982674228981756,10
1.0,1.0,0.1,0.02,1,50,product,multi_mags,0.9854980880108272,10
1.0,1.0,0.1,0.04,1,50,product,multi_mags,0.972903779228288,10
1.0,1.0,0.1,0.4,1,20,product,multi_mags,0.9865826556683084,10
1.0,1.0,0.1,0.8,1,50,product,multi_mags,0.9997414538410876,10
1.0,1.0,0.1,0.08,1,50,product,multi_mags,0.9893452575138626,10
1.0,1.0,0.1,0.06,1,50,product,multi_mags,0.9971680593596874,10
1.0,1.0,0.1,0.6,1,20,product,multi_mags,0.9991450972730292,10
1.0,1.0,0.1,0.2,1,50,product,multi_mags,0.9997598462932396,10
1.0,1.0,0.1,0.02,1,60,product,multi_mags,0.9885655134704376,10
1.0,1.0,0.1,0.04,1,60,product,multi_mags,0.9718498409547648,10
1.0,1.0,0.1,0.4,1,30,product,multi_mags,0.999692141083645,10
1.0,1.0,0.1,0.8,1,60,product,multi_mags,0.999782213467395,10
1.0,1.0,0.1,0.08,1,60,product,multi_mags,0.9970601189214552,10
1.0,1.0,0.1,0.06,1,60,product,multi_mags,0.9974105795692906,10
1.0,1.0,0.1,0.6,1,30,product,multi_mags,0.9991205260473428,10
1.0,1.0,0.1,0.2,1,60,product,multi_mags,0.9996321195520218,10
1.0,1.0,0.1,0.02,1,70,product,multi_mags,0.990596986822927,10
1.0,1.0,0.1,0.04,1,70,product,multi_mags,0.9964608219269514,10
1.0,1.0,0.1,0.4,1,40,product,multi_mags,0.9997829480958216,10
1.0,1.0,0.1,0.8,1,70,product,multi_mags,0.9996792847474424,10
1.0,1.0,0.1,0.06,1,70,product,multi_mags,0.9985489000249788,10
1.0,1.0,0.1,0.08,1,70,product,multi_mags,0.9992719047156748,10
1.0,1.0,0.1,0.6,1,40,product,multi_mags,0.9993918655645532,10
1.0,1.0,0.1,0.2,1,70,product,multi_mags,0.9997504796860054,10
1.0,1.0,0.1,0.02,1,80,product,multi_mags,0.9858885508396352,10
1.0,1.0,0.1,0.04,1,80,product,multi_mags,0.9964834004040184,10
1.0,1.0,0.1,0.8,1,80,product,multi_mags,0.999723323848233,10
1.0,1.0,0.1,0.4,1,50,product,multi_mags,0.999448419053814,10
1.0,1.0,0.1,0.08,1,80,product,multi_mags,0.9979957070808332,10
1.0,1.0,0.1,0.06,1,80,product,multi_mags,0.9979780920361428,10
1.0,1.0,0.1,0.2,1,80,product,multi_mags,0.9997087264552216,10
1.0,1.0,0.1,0.6,1,50,product,multi_mags,0.9997290580905588,10
1.0,1.0,0.1,0.02,1,90,product,multi_mags,0.9871099108057892,10
1.0,1.0,0.1,0.04,1,90,product,multi_mags,0.9965171860801396,10
1.0,1.0,0.1,0.8,1,90,product,multi_mags,0.9998004535409466,10
1.0,1.0,0.1,0.4,1,60,product,multi_mags,0.999536509010006,10
1.0,1.0,0.1,0.08,1,90,product,multi_mags,0.9993148640831758,10
1.0,1.0,0.1,0.06,1,90,product,multi_mags,0.9987222944575868,10
1.0,1.0,0.1,0.2,1,90,product,multi_mags,0.9995822251107208,10
1.0,1.0,0.1,0.02,1,100,product,multi_mags,0.99272367047419,10
1.0,1.0,0.1,0.6,1,60,product,multi_mags,0.9997659678928382,10
1.0,1.0,0.1,0.04,1,100,product,multi_mags,0.9975508110646976,10
1.0,1.0,0.1,0.08,1,100,product,multi_mags,0.998459638301288,10
1.0,1.0,0.1,0.8,1,100,product,multi_mags,0.9988335417756338,10
1.0,1.0,0.1,0.4,1,70,product,multi_mags,0.9998279425427592,10
1.0,1.0,0.1,0.06,1,100,product,multi_mags,0.999687991185496,10
1.0,1.0,0.1,0.2,1,100,product,multi_mags,0.99973850367686,10
1.0,1.0,0.1,0.6,1,70,product,multi_mags,0.9997844524930316,10
1.0,1.0,0.1,0.4,1,80,product,multi_mags,0.9997876768217424,10
1.0,1.0,0.1,0.6,1,80,product,multi_mags,0.9995913283280548,10
1.0,1.0,0.1,0.4,1,90,product,multi_mags,0.9995837152208245,10
1.0,1.0,0.1,0.6,1,90,product,multi_mags,0.999783939817623,10
1.0,1.0,0.5,0.08,1,1,product,multi_mags,0.9637159473734186,10
1.0,1.0,0.5,0.1,1,1,product,multi_mags,0.966449617912636,10
1.0,1.0,0.5,0.06,1,1,product,multi_mags,0.2817801529687546,10
1.0,1.0,0.5,0.02,1,1,product,multi_mags,0.7731080053413751,10
1.0,1.0,0.5,0.2,1,1,product,multi_mags,0.9243070861355874,10
1.0,1.0,0.1,0.4,1,100,product,multi_mags,0.9998587177433658,10
1.0,1.0,0.5,0.04,1,1,product,multi_mags,0.3425514587530481,10
1.0,1.0,0.1,0.6,1,100,product,multi_mags,0.9998526324355856,10
1.0,1.0,0.5,0.08,1,2,product,multi_mags,0.9840545695291536,10
1.0,1.0,0.5,0.06,1,2,product,multi_mags,0.9793845651948824,10
1.0,1.0,0.5,0.1,1,2,product,multi_mags,0.9496978262884068,10
1.0,1.0,0.5,0.2,1,2,product,multi_mags,0.9145188461980404,10
1.0,1.0,0.5,0.02,1,2,product,multi_mags,0.9750555930038872,10
1.0,1.0,0.5,0.04,1,2,product,multi_mags,0.9783147106492588,10
1.0,1.0,0.5,0.4,1,1,product,multi_mags,0.6165783437597245,10
1.0,1.0,0.5,0.08,1,3,product,multi_mags,0.9601773319595468,10
1.0,1.0,0.5,0.1,1,3,product,multi_mags,0.9482390689452428,10
1.0,1.0,0.5,0.06,1,3,product,multi_mags,0.8083204927769212,10
1.0,1.0,0.5,0.6,1,1,product,multi_mags,0.5325248585032998,10
1.0,1.0,0.5,0.2,1,3,product,multi_mags,0.9531864138224928,10
1.0,1.0,0.5,0.04,1,3,product,multi_mags,0.980028189118446,10
1.0,1.0,0.5,0.02,1,3,product,multi_mags,0.9817961727483676,10
1.0,1.0,0.5,0.4,1,2,product,multi_mags,0.8737533470476818,10
1.0,1.0,0.5,0.08,1,4,product,multi_mags,0.9755306434133404,10
1.0,1.0,0.5,0.06,1,4,product,multi_mags,0.9850272525816692,10
1.0,1.0,0.5,0.1,1,4,product,multi_mags,0.9573774757527752,10
1.0,1.0,0.5,0.2,1,4,product,multi_mags,0.9550475236824246,10
1.0,1.0,0.5,0.6,1,2,product,multi_mags,0.6499300123844712,10
1.0,1.0,0.5,0.04,1,4,product,multi_mags,0.9531324812392846,10
1.0,1.0,0.5,0.02,1,4,product,multi_mags,0.9862959041076276,10
1.0,1.0,0.5,0.4,1,3,product,multi_mags,0.8868708505998559,10
1.0,1.0,0.5,0.08,1,5,product,multi_mags,0.9759286140927712,10
1.0,1.0,0.5,0.06,1,5,product,multi_mags,0.97944925233166,10
1.0,1.0,0.5,0.1,1,5,product,multi_mags,0.9420564830952664,10
1.0,1.0,0.5,0.2,1,5,product,multi_mags,0.9593509805947914,10
1.0,1.0,0.5,0.6,1,3,product,multi_mags,0.7861571180107467,10
1.0,1.0,0.5,0.02,1,5,product,multi_mags,0.955528274706892,10
1.0,1.0,0.5,0.04,1,5,product,multi_mags,0.977560929267456,10
1.0,1.0,0.5,0.4,1,4,product,multi_mags,0.9253677530849248,10
1.0,1.0,0.5,0.06,1,6,product,multi_mags,0.9830146078999557,10
1.0,1.0,0.5,0.08,1,6,product,multi_mags,0.983116073183172,10
1.0,1.0,0.5,0.1,1,6,product,multi_mags,0.9799455573961556,10
1.0,1.0,0.5,0.2,1,6,product,multi_mags,0.9453697368558156,10
1.0,1.0,0.5,0.02,1,6,product,multi_mags,0.9106626914583988,10
1.0,1.0,0.5,0.04,1,6,product,multi_mags,0.9544045941093952,10
1.0,1.0,0.5,0.6,1,4,product,multi_mags,0.8705711919297625,10
1.0,1.0,0.5,0.4,1,5,product,multi_mags,0.9344366642770487,10
1.0,1.0,0.5,0.06,1,7,product,multi_mags,0.984804185677542,10
1.0,1.0,0.5,0.1,1,7,product,multi_mags,0.9779746593994452,10
1.0,1.0,0.5,0.08,1,7,product,multi_mags,0.9824006445045356,10
1.0,1.0,0.5,0.2,1,7,product,multi_mags,0.9753339351334168,10
1.0,1.0,0.5,0.02,1,7,product,multi_mags,0.700387475083284,10
1.0,1.0,0.5,0.04,1,7,product,multi_mags,0.9811975763972648,10
1.0,1.0,0.5,0.6,1,5,product,multi_mags,0.8912217928389323,10
1.0,1.0,0.5,0.4,1,6,product,multi_mags,0.933743585459685,10
1.0,1.0,0.5,0.06,1,8,product,multi_mags,0.9858646734182962,10
1.0,1.0,0.5,0.1,1,8,product,multi_mags,0.9734722641730827,10
1.0,1.0,0.5,0.08,1,8,product,multi_mags,0.9832517328174484,10
1.0,1.0,0.5,0.2,1,8,product,multi_mags,0.9730265889037424,10
1.0,1.0,0.5,0.02,1,8,product,multi_mags,0.9660973842804697,10
1.0,1.0,0.5,0.04,1,8,product,multi_mags,0.9767294034405954,10
1.0,1.0,0.5,0.6,1,6,product,multi_mags,0.9294117029817984,10
1.0,1.0,0.5,0.4,1,7,product,multi_mags,0.9448442872206873,10
1.0,1.0,0.5,0.1,1,9,product,multi_mags,0.9818639211078825,10
1.0,1.0,0.5,0.08,1,9,product,multi_mags,0.9764231640399978,10
1.0,1.0,0.5,0.06,1,9,product,multi_mags,0.947970111116567,10
1.0,1.0,0.5,0.2,1,9,product,multi_mags,0.9731205623855742,10
1.0,1.0,0.5,0.02,1,9,product,multi_mags,0.9831766702329532,10
1.0,1.0,0.5,0.04,1,9,product,multi_mags,0.9898257409629888,10
1.0,1.0,0.5,0.6,1,7,product,multi_mags,0.9533319819922468,10
1.0,1.0,0.5,0.4,1,8,product,multi_mags,0.9388697519268732,10
1.0,1.0,0.5,0.08,1,10,product,multi_mags,0.97365578592377,10
1.0,1.0,0.5,0.1,1,10,product,multi_mags,0.9723353939927688,10
1.0,1.0,0.5,0.06,1,10,product,multi_mags,0.9127632146486676,10
1.0,1.0,0.5,0.02,1,10,product,multi_mags,0.9516863277676716,10
1.0,1.0,0.5,0.2,1,10,product,multi_mags,0.9806512969212396,10
1.0,1.0,0.5,0.04,1,10,product,multi_mags,0.9769844466268288,10
1.0,1.0,0.5,0.6,1,8,product,multi_mags,0.9455021858935068,10
1.0,1.0,0.5,0.4,1,9,product,multi_mags,0.9774215983222616,10
1.0,1.0,0.5,0.1,1,20,product,multi_mags,0.9811347828929208,10
1.0,1.0,0.5,0.06,1,20,product,multi_mags,0.9840450877064424,10
1.0,1.0,0.5,0.08,1,20,product,multi_mags,0.9723111948450236,10
1.0,1.0,0.5,0.02,1,20,product,multi_mags,0.9695716132335992,10
1.0,1.0,0.5,0.2,1,20,product,multi_mags,0.9871007368130036,10
1.0,1.0,0.5,0.04,1,20,product,multi_mags,0.9547933584408612,10
1.0,1.0,0.5,0.6,1,9,product,multi_mags,0.9568324009518752,10
1.0,1.0,0.5,0.1,1,30,product,multi_mags,0.9848072068807288,10
1.0,1.0,0.5,0.4,1,10,product,multi_mags,0.9734648688801671,10
1.0,1.0,0.5,0.08,1,30,product,multi_mags,0.98461996717231,10
1.0,1.0,0.5,0.06,1,30,product,multi_mags,0.9762236023010692,10
1.0,1.0,0.5,0.2,1,30,product,multi_mags,0.9992624890616448,10
1.0,1.0,0.5,0.02,1,30,product,multi_mags,0.9034729329493666,10
1.0,1.0,0.5,0.04,1,30,product,multi_mags,0.9846895116967952,10
1.0,1.0,0.5,0.6,1,10,product,multi_mags,0.9974942335758904,10
1.0,1.0,0.5,0.1,1,40,product,multi_mags,0.9966160808863814,10
1.0,1.0,0.5,0.08,1,40,product,multi_mags,0.9973521566613616,10
1.0,1.0,0.5,0.06,1,40,product,multi_mags,0.9847464924698394,10
1.0,1.0,0.5,0.4,1,20,product,multi_mags,0.9988792631977944,10
1.0,1.0,0.5,0.2,1,40,product,multi_mags,0.9993319209671772,10
1.0,1.0,0.5,0.02,1,40,product,multi_mags,0.9809684257621776,10
1.0,1.0,0.5,0.04,1,40,product,multi_mags,0.9870118837988732,10
1.0,1.0,0.5,0.6,1,20,product,multi_mags,0.9984019006605852,10
1.0,1.0,0.5,0.1,1,50,product,multi_mags,0.9978417434246268,10
1.0,1.0,0.5,0.08,1,50,product,multi_mags,0.9977642347144958,10
1.0,1.0,0.5,0.06,1,50,product,multi_mags,0.9974792947943856,10
1.0,1.0,0.5,0.4,1,30,product,multi_mags,0.9987519474899668,10
1.0,1.0,0.5,0.2,1,50,product,multi_mags,0.9993176213324744,10
1.0,1.0,0.5,0.02,1,50,product,multi_mags,0.9806079138697348,10
1.0,1.0,0.5,0.04,1,50,product,multi_mags,0.9929019907608396,10
1.0,1.0,0.5,0.6,1,30,product,multi_mags,0.9994341063777898,10
1.0,1.0,0.5,0.1,1,60,product,multi_mags,0.9992950169410262,10
1.0,1.0,0.5,0.08,1,60,product,multi_mags,0.9994834655587808,10
1.0,1.0,0.5,0.06,1,60,product,multi_mags,0.9980638640368548,10
1.0,1.0,0.5,0.2,1,60,product,multi_mags,0.9996615221763626,10
1.0,1.0,0.5,0.4,1,40,product,multi_mags,0.9995337312954086,10
1.0,1.0,0.5,0.02,1,60,product,multi_mags,0.9870585219632508,10
1.0,1.0,0.5,0.04,1,60,product,multi_mags,0.9875817216109656,10
1.0,1.0,0.5,0.1,1,70,product,multi_mags,0.9996199917620928,10
1.0,1.0,0.5,0.08,1,70,product,multi_mags,0.9994666546796456,10
1.0,1.0,0.5,0.6,1,40,product,multi_mags,0.9996308434809282,10
1.0,1.0,0.5,0.06,1,70,product,multi_mags,0.9992269930016175,10
1.0,1.0,0.5,0.2,1,70,product,multi_mags,0.9996394670740754,10
1.0,1.0,0.5,0.4,1,50,product,multi_mags,0.9997656496246902,10
1.0,1.0,0.5,0.02,1,70,product,multi_mags,0.9874763463327412,10
1.0,1.0,0.5,0.04,1,70,product,multi_mags,0.9927049530365706,10
1.0,1.0,0.5,0.1,1,80,product,multi_mags,0.999059786201369,10
1.0,1.0,0.5,0.08,1,80,product,multi_mags,0.9996527941174472,10
1.0,1.0,0.5,0.06,1,80,product,multi_mags,0.9992065761408164,10
1.0,1.0,0.5,0.6,1,50,product,multi_mags,0.999654027497754,10
1.0,1.0,0.5,0.2,1,80,product,multi_mags,0.9994652528725574,10
1.0,1.0,0.5,0.02,1,80,product,multi_mags,0.983152062100515,10
1.0,1.0,0.5,0.4,1,60,product,multi_mags,0.9996868279148656,10
1.0,1.0,0.5,0.04,1,80,product,multi_mags,0.99714543463525,10
1.0,1.0,0.5,0.08,1,90,product,multi_mags,0.9995862123060498,10
1.0,1.0,0.5,0.1,1,90,product,multi_mags,0.998787519276494,10
1.0,1.0,0.5,0.06,1,90,product,multi_mags,0.9995416513419364,10
1.0,1.0,0.5,0.2,1,90,product,multi_mags,0.9996396935525608,10
1.0,1.0,0.5,0.6,1,60,product,multi_mags,0.9997627980673232,10
1.0,1.0,0.5,0.02,1,90,product,multi_mags,0.9920596610970928,10
1.0,1.0,0.5,0.4,1,70,product,multi_mags,0.9997916641200612,10
1.0,1.0,0.5,0.04,1,90,product,multi_mags,0.9975445996315024,10
1.0,1.0,0.5,0.08,1,100,product,multi_mags,0.9995766135229316,10
1.0,1.0,0.5,0.1,1,100,product,multi_mags,0.9997996935164069,10
1.0,1.0,0.5,0.06,1,100,product,multi_mags,0.999428020000412,10
1.0,1.0,0.5,0.2,1,100,product,multi_mags,0.9997502157807334,10
1.0,1.0,0.5,0.6,1,70,product,multi_mags,0.9997287809413236,10
1.0,1.0,0.5,0.02,1,100,product,multi_mags,0.98162449842447,10
1.0,1.0,0.5,0.04,1,100,product,multi_mags,0.9975013645060096,10
1.0,1.0,0.5,0.4,1,80,product,multi_mags,0.9992115287129129,10
1.0,1.0,0.5,0.8,1,1,product,multi_mags,0.3004452673758193,10
1.0,1.0,0.5,0.6,1,80,product,multi_mags,0.9997964798280258,10
1.0,1.0,0.5,0.4,1,90,product,multi_mags,0.9996924104502533,10
1.0,1.0,0.5,0.8,1,2,product,multi_mags,0.4309715186505148,10
1.0,1.0,0.5,0.6,1,90,product,multi_mags,0.9997960587546484,10
1.0,1.0,0.5,0.4,1,100,product,multi_mags,0.9997209146642636,10
1.0,1.0,0.5,0.8,1,3,product,multi_mags,0.5370589929672669,10
1.0,1.0,0.5,0.6,1,100,product,multi_mags,0.9997688208014484,10
1.0,1.0,0.5,0.8,1,4,product,multi_mags,0.8137757863831614,10
1.0,1.0,0.5,0.8,1,5,product,multi_mags,0.8520501531039686,10
1.0,1.0,0.5,0.8,1,6,product,multi_mags,0.8816185997417979,10
1.0,1.0,0.5,0.8,1,7,product,multi_mags,0.9570008212510556,10
1.0,1.0,0.5,0.8,1,8,product,multi_mags,0.984404380099552,10
1.0,1.0,0.5,0.8,1,9,product,multi_mags,0.9965892328243008,10
1.0,1.0,0.5,0.8,1,10,product,multi_mags,0.9894885813527476,10
1.0,1.0,0.5,0.8,1,20,product,multi_mags,0.9994332918577216,10
1.0,1.0,0.5,0.8,1,30,product,multi_mags,0.9996391770552172,10
1.0,1.0,0.5,0.8,1,40,product,multi_mags,0.9996270779048828,10
1.0,1.0,0.5,0.8,1,50,product,multi_mags,0.9996960183362512,10
1.0,1.0,0.5,0.8,1,60,product,multi_mags,0.9997304158360868,10
1.0,1.0,0.5,0.8,1,70,product,multi_mags,0.9996771049361396,10
1.0,1.0,0.5,0.8,1,80,product,multi_mags,0.9997299400842082,10
1.0,1.0,0.5,0.8,1,90,product,multi_mags,0.9996721010027784,10
1.0,1.0,0.5,0.8,1,100,product,multi_mags,0.9996535623365116,10
1.0,1.0,0.3,0.06,1,1,product,multi_mags,0.961070986297862,10
1.0,1.0,0.3,0.04,1,1,product,multi_mags,0.9099973708303372,10
1.0,1.0,0.3,0.1,1,1,product,multi_mags,0.8361171889396514,10
1.0,1.0,0.3,0.02,1,1,product,multi_mags,0.8905807353303652,10
1.0,1.0,0.3,0.12,1,1,product,multi_mags,0.9670192459977917,10
1.0,1.0,0.3,0.08,1,1,product,multi_mags,0.9577290873359424,10
1.0,1.0,0.3,0.16,1,1,product,multi_mags,0.9491900810331106,10
1.0,1.0,0.3,0.04,1,2,product,multi_mags,0.9814751515560374,10
1.0,1.0,0.3,0.06,1,2,product,multi_mags,0.9786176825782392,10
1.0,1.0,0.3,0.12,1,2,product,multi_mags,0.972811386546648,10
1.0,1.0,0.3,0.1,1,2,product,multi_mags,0.963569861417392,10
1.0,1.0,0.3,0.08,1,2,product,multi_mags,0.968616982217344,10
1.0,1.0,0.3,0.02,1,2,product,multi_mags,0.9754949809308394,10
1.0,1.0,0.3,0.16,1,2,product,multi_mags,0.9370656588598246,10
1.0,1.0,0.3,0.06,1,3,product,multi_mags,0.9793238189107843,10
1.0,1.0,0.3,0.04,1,3,product,multi_mags,0.881010003026256,10
1.0,1.0,0.3,0.12,1,3,product,multi_mags,0.979058354339266,10
1.0,1.0,0.3,0.08,1,3,product,multi_mags,0.9781107704888478,10
1.0,1.0,0.3,0.1,1,3,product,multi_mags,0.9515404589330758,10
1.0,1.0,0.3,0.02,1,3,product,multi_mags,0.9384474589565532,10
1.0,1.0,0.3,0.16,1,3,product,multi_mags,0.9486488104990364,10
1.0,1.0,0.3,0.06,1,4,product,multi_mags,0.8811818059335597,10
1.0,1.0,0.3,0.04,1,4,product,multi_mags,0.982288407285804,10
1.0,1.0,0.3,0.12,1,4,product,multi_mags,0.9755365007724742,10
1.0,1.0,0.3,0.08,1,4,product,multi_mags,0.9849003646630315,10
1.0,1.0,0.3,0.1,1,4,product,multi_mags,0.9779434514519104,10
1.0,1.0,0.3,0.02,1,4,product,multi_mags,0.8902188145151481,10
1.0,1.0,0.3,0.16,1,4,product,multi_mags,0.9656735669298452,10
1.0,1.0,0.3,0.06,1,5,product,multi_mags,0.971963628383096,10
1.0,1.0,0.3,0.12,1,5,product,multi_mags,0.9730162988703354,10
1.0,1.0,0.3,0.04,1,5,product,multi_mags,0.9530652428226576,10
1.0,1.0,0.3,0.1,1,5,product,multi_mags,0.9131329698324316,10
1.0,1.0,0.3,0.08,1,5,product,multi_mags,0.9001507966846455,10
1.0,1.0,0.3,0.02,1,5,product,multi_mags,0.9551765163994832,10
1.0,1.0,0.3,0.16,1,5,product,multi_mags,0.96703151626208,10
1.0,1.0,0.3,0.06,1,6,product,multi_mags,0.9502899511062506,10
1.0,1.0,0.3,0.12,1,6,product,multi_mags,0.9710941980972996,10
1.0,1.0,0.3,0.04,1,6,product,multi_mags,0.9463051099470784,10
1.0,1.0,0.3,0.1,1,6,product,multi_mags,0.9648331596140725,10
1.0,1.0,0.3,0.08,1,6,product,multi_mags,0.9849924131614566,10
1.0,1.0,0.3,0.02,1,6,product,multi_mags,0.9747970741040576,10
1.0,1.0,0.3,0.16,1,6,product,multi_mags,0.9707861947263144,10
1.0,1.0,0.3,0.12,1,7,product,multi_mags,0.7999649738225734,10
1.0,1.0,0.3,0.06,1,7,product,multi_mags,0.9823038809257172,10
1.0,1.0,0.3,0.1,1,7,product,multi_mags,0.9811232142194468,10
1.0,1.0,0.3,0.04,1,7,product,multi_mags,0.8987961027710604,10
1.0,1.0,0.3,0.08,1,7,product,multi_mags,0.979157035778654,10
1.0,1.0,0.3,0.02,1,7,product,multi_mags,0.8603410113707531,10
1.0,1.0,0.3,0.16,1,7,product,multi_mags,0.9816864785638914,10
1.0,1.0,0.3,0.12,1,8,product,multi_mags,0.984279988785337,10
1.0,1.0,0.3,0.06,1,8,product,multi_mags,0.982935680259416,10
1.0,1.0,0.3,0.1,1,8,product,multi_mags,0.9782222869166484,10
1.0,1.0,0.3,0.04,1,8,product,multi_mags,0.8079265281397381,10
1.0,1.0,0.3,0.08,1,8,product,multi_mags,0.9793717202436948,10
1.0,1.0,0.3,0.02,1,8,product,multi_mags,0.989570334953104,10
1.0,1.0,0.3,0.12,1,9,product,multi_mags,0.9703849985039,10
1.0,1.0,0.3,0.06,1,9,product,multi_mags,0.9759406072509588,10
1.0,1.0,0.3,0.16,1,8,product,multi_mags,0.936766717582028,10
1.0,1.0,0.3,0.1,1,9,product,multi_mags,0.9826280643674052,10
1.0,1.0,0.3,0.04,1,9,product,multi_mags,0.9819855937848524,10
1.0,1.0,0.3,0.08,1,9,product,multi_mags,0.96941680367936,10
1.0,1.0,0.3,0.02,1,9,product,multi_mags,0.957979682308464,10
1.0,1.0,0.3,0.12,1,10,product,multi_mags,0.9822573775214536,10
1.0,1.0,0.3,0.06,1,10,product,multi_mags,0.9807265935000756,10
1.0,1.0,0.3,0.1,1,10,product,multi_mags,0.9850600925967816,10
1.0,1.0,0.3,0.04,1,10,product,multi_mags,0.963625780678772,10
1.0,1.0,0.3,0.08,1,10,product,multi_mags,0.9844453590552464,10
1.0,1.0,0.3,0.16,1,9,product,multi_mags,0.975569151804878,10
1.0,1.0,0.3,0.02,1,10,product,multi_mags,0.9861231698846116,10
1.0,1.0,0.3,0.12,1,20,product,multi_mags,0.988288965487839,10
1.0,1.0,0.3,0.06,1,20,product,multi_mags,0.9722893063757064,10
1.0,1.0,0.3,0.1,1,20,product,multi_mags,0.9851042353048468,10
1.0,1.0,0.3,0.04,1,20,product,multi_mags,0.9817806151636116,10
1.0,1.0,0.3,0.08,1,20,product,multi_mags,0.9796708548179466,10
1.0,1.0,0.3,0.16,1,10,product,multi_mags,0.9715093885508772,10
1.0,1.0,0.3,0.02,1,20,product,multi_mags,0.9692113913369824,10
1.0,1.0,0.3,0.12,1,30,product,multi_mags,0.9975298016563126,10
1.0,1.0,0.3,0.06,1,30,product,multi_mags,0.9934575219828646,10
1.0,1.0,0.3,0.1,1,30,product,multi_mags,0.9937026553084884,10
1.0,1.0,0.3,0.04,1,30,product,multi_mags,0.98604116263312,10
1.0,1.0,0.3,0.08,1,30,product,multi_mags,0.995944548622495,10
1.0,1.0,0.3,0.16,1,20,product,multi_mags,0.9901063547799236,10
1.0,1.0,0.3,0.02,1,30,product,multi_mags,0.965367076673408,10
1.0,1.0,0.3,0.12,1,40,product,multi_mags,0.9991841385672162,10
1.0,1.0,0.3,0.06,1,40,product,multi_mags,0.9921044812889136,10
1.0,1.0,0.3,0.1,1,40,product,multi_mags,0.9989807786790218,10
1.0,1.0,0.3,0.04,1,40,product,multi_mags,0.9848984314381242,10
1.0,1.0,0.3,0.08,1,40,product,multi_mags,0.99543108879793,10
1.0,1.0,0.3,0.16,1,30,product,multi_mags,0.99529137098733,10
1.0,1.0,0.3,0.02,1,40,product,multi_mags,0.9349845507525874,10
1.0,1.0,0.3,0.12,1,50,product,multi_mags,0.99939791773195,10
1.0,1.0,0.3,0.06,1,50,product,multi_mags,0.995446644848885,10
1.0,1.0,0.3,0.1,1,50,product,multi_mags,0.9961826916643364,10
1.0,1.0,0.3,0.04,1,50,product,multi_mags,0.9793471101717924,10
1.0,1.0,0.3,0.08,1,50,product,multi_mags,0.9981348063087078,10
1.0,1.0,0.3,0.16,1,40,product,multi_mags,0.9993169934025938,10
1.0,1.0,0.3,0.02,1,50,product,multi_mags,0.9859816623282092,10
1.0,1.0,0.3,0.12,1,60,product,multi_mags,0.9995835356355444,10
1.0,1.0,0.3,0.06,1,60,product,multi_mags,0.9991958413405164,10
1.0,1.0,0.3,0.1,1,60,product,multi_mags,0.998852998420746,10
1.0,1.0,0.3,0.04,1,60,product,multi_mags,0.9909425331620176,10
1.0,1.0,0.3,0.08,1,60,product,multi_mags,0.9965467535514227,10
1.0,1.0,0.3,0.02,1,60,product,multi_mags,0.9827755756148704,10
1.0,1.0,0.3,0.16,1,50,product,multi_mags,0.9997181686957602,10
1.0,1.0,0.3,0.12,1,70,product,multi_mags,0.9995693527394184,10
1.0,1.0,0.3,0.06,1,70,product,multi_mags,0.9987244817095862,10
1.0,1.0,0.3,0.1,1,70,product,multi_mags,0.9988857382124804,10
1.0,1.0,0.3,0.04,1,70,product,multi_mags,0.9855265781068774,10
1.0,1.0,0.3,0.08,1,70,product,multi_mags,0.997619496647456,10
1.0,1.0,0.3,0.02,1,70,product,multi_mags,0.993097594541856,10
1.0,1.0,0.3,0.16,1,60,product,multi_mags,0.9994696723910672,10
1.0,1.0,0.3,0.12,1,80,product,multi_mags,0.9992110652585866,10
1.0,1.0,0.3,0.06,1,80,product,multi_mags,0.9989947989957756,10
1.0,1.0,0.3,0.1,1,80,product,multi_mags,0.9997812941515432,10
1.0,1.0,0.3,0.04,1,80,product,multi_mags,0.9952788676420832,10
1.0,1.0,0.3,0.08,1,80,product,multi_mags,0.999523121145122,10
1.0,1.0,0.3,0.02,1,80,product,multi_mags,0.9787275537384746,10
1.0,1.0,0.3,0.16,1,70,product,multi_mags,0.9996740594925354,10
1.0,1.0,0.3,0.12,1,90,product,multi_mags,0.9991858807341648,10
1.0,1.0,0.3,0.06,1,90,product,multi_mags,0.9989760962940692,10
1.0,1.0,0.3,0.04,1,90,product,multi_mags,0.998511797205814,10
1.0,1.0,0.3,0.1,1,90,product,multi_mags,0.999788719925658,10
1.0,1.0,0.3,0.08,1,90,product,multi_mags,0.9991205101536356,10
1.0,1.0,0.3,0.02,1,90,product,multi_mags,0.9801169023136274,10
1.0,1.0,0.3,0.12,1,100,product,multi_mags,0.9996259273644,10
1.0,1.0,0.3,0.16,1,80,product,multi_mags,0.9997999524646844,10
1.0,1.0,0.3,0.06,1,100,product,multi_mags,0.9991868026915632,10
1.0,1.0,0.3,0.04,1,100,product,multi_mags,0.999419266079606,10
1.0,1.0,0.3,0.1,1,100,product,multi_mags,0.9996184158676964,10
1.0,1.0,0.3,0.08,1,100,product,multi_mags,0.9996639947039828,10
1.0,1.0,0.3,0.02,1,100,product,multi_mags,0.9869456169327016,10
1.0,1.0,0.3,0.18,1,1,product,multi_mags,0.9174212085370748,10
1.0,1.0,0.3,0.16,1,90,product,multi_mags,0.9997197106401984,10
1.0,1.0,0.3,0.2,1,1,product,multi_mags,0.8785504486762674,10
1.0,1.0,0.3,0.4,1,1,product,multi_mags,0.6828482964964885,10
1.0,1.0,0.3,0.6,1,1,product,multi_mags,0.5204489843247355,10
1.0,1.0,0.3,0.8,1,1,product,multi_mags,0.3230509215958514,10
1.0,1.0,0.3,0.22,1,1,product,multi_mags,0.898325883386972,10
1.0,1.0,0.3,0.18,1,2,product,multi_mags,0.9277106396266022,10
1.0,1.0,0.3,0.2,1,2,product,multi_mags,0.8751399746575892,10
1.0,1.0,0.3,0.16,1,100,product,multi_mags,0.99967847832639,10
1.0,1.0,0.3,0.4,1,2,product,multi_mags,0.7893408056090095,10
1.0,1.0,0.3,0.6,1,2,product,multi_mags,0.6974566995596801,10
1.0,1.0,0.3,0.8,1,2,product,multi_mags,0.4464941870690115,10
1.0,1.0,0.3,0.22,1,2,product,multi_mags,0.9377827389579544,10
1.0,1.0,0.3,0.18,1,3,product,multi_mags,0.9623483904007416,10
1.0,1.0,0.3,0.2,1,3,product,multi_mags,0.9094962367189334,10
1.0,1.0,0.3,0.4,1,3,product,multi_mags,0.9056594012875672,10
1.0,1.0,0.3,0.6,1,3,product,multi_mags,0.8051168107778933,10
1.0,1.0,0.3,0.26,1,1,product,multi_mags,0.7596031052345541,10
1.0,1.0,0.3,0.8,1,3,product,multi_mags,0.6343242115055107,10
1.0,1.0,0.3,0.22,1,3,product,multi_mags,0.9153903844117418,10
1.0,1.0,0.3,0.18,1,4,product,multi_mags,0.960771461498746,10
1.0,1.0,0.3,0.2,1,4,product,multi_mags,0.9377989815500218,10
1.0,1.0,0.3,0.4,1,4,product,multi_mags,0.9113335181837232,10
1.0,1.0,0.3,0.6,1,4,product,multi_mags,0.8780279607485907,10
1.0,1.0,0.3,0.26,1,2,product,multi_mags,0.9147685868614076,10
1.0,1.0,0.3,0.8,1,4,product,multi_mags,0.7512445565546927,10
1.0,1.0,0.3,0.22,1,4,product,multi_mags,0.963100370234501,10
1.0,1.0,0.3,0.18,1,5,product,multi_mags,0.8941157522535861,10
1.0,1.0,0.3,0.2,1,5,product,multi_mags,0.967064528795702,10
1.0,1.0,0.3,0.4,1,5,product,multi_mags,0.9455379970171808,10
1.0,1.0,0.3,0.6,1,5,product,multi_mags,0.9304489636550384,10
1.0,1.0,0.3,0.26,1,3,product,multi_mags,0.9269871787274384,10
1.0,1.0,0.3,0.8,1,5,product,multi_mags,0.793576779502488,10
1.0,1.0,0.3,0.22,1,5,product,multi_mags,0.970020677574324,10
1.0,1.0,0.3,0.18,1,6,product,multi_mags,0.9655343658773602,10
1.0,1.0,0.3,0.2,1,6,product,multi_mags,0.9484800050198968,10
1.0,1.0,0.3,0.4,1,6,product,multi_mags,0.9358605314451854,10
1.0,1.0,0.3,0.6,1,6,product,multi_mags,0.9079467117525272,10
1.0,1.0,0.3,0.26,1,4,product,multi_mags,0.9338430629553056,10
1.0,1.0,0.3,0.8,1,6,product,multi_mags,0.8805603494395797,10
1.0,1.0,0.3,0.18,1,7,product,multi_mags,0.9693065100237956,10
1.0,1.0,0.3,0.2,1,7,product,multi_mags,0.9745767354057522,10
1.0,1.0,0.3,0.22,1,6,product,multi_mags,0.9738270587523716,10
1.0,1.0,0.3,0.4,1,7,product,multi_mags,0.9313549894621684,10
1.0,1.0,0.3,0.6,1,7,product,multi_mags,0.895469496480537,10
1.0,1.0,0.3,0.26,1,5,product,multi_mags,0.9387925410225288,10
1.0,1.0,0.3,0.8,1,7,product,multi_mags,0.9035456312767356,10
1.0,1.0,0.3,0.18,1,8,product,multi_mags,0.977087584650718,10
1.0,1.0,0.3,0.2,1,8,product,multi_mags,0.970685739550428,10
1.0,1.0,0.3,0.22,1,7,product,multi_mags,0.9592004552076088,10
1.0,1.0,0.3,0.4,1,8,product,multi_mags,0.9358764927501396,10
1.0,1.0,0.3,0.6,1,8,product,multi_mags,0.9274896560000288,10
1.0,1.0,0.3,0.8,1,8,product,multi_mags,0.9233187809125102,10
1.0,1.0,0.3,0.26,1,6,product,multi_mags,0.9679153217608866,10
1.0,1.0,0.3,0.2,1,9,product,multi_mags,0.960276736260634,10
1.0,1.0,0.3,0.18,1,9,product,multi_mags,0.9666896972184896,10
1.0,1.0,0.3,0.22,1,8,product,multi_mags,0.9737007312324202,10
1.0,1.0,0.3,0.4,1,9,product,multi_mags,0.9671664113886006,10
1.0,1.0,0.3,0.6,1,9,product,multi_mags,0.9724529881528288,10
1.0,1.0,0.3,0.8,1,9,product,multi_mags,0.9923115083436674,10
1.0,1.0,0.3,0.26,1,7,product,multi_mags,0.9574551991948052,10
1.0,1.0,0.3,0.2,1,10,product,multi_mags,0.9635992313454722,10
1.0,1.0,0.3,0.18,1,10,product,multi_mags,0.9775385208106,10
1.0,1.0,0.3,0.22,1,9,product,multi_mags,0.9683689626020688,10
1.0,1.0,0.3,0.4,1,10,product,multi_mags,0.9758706631041892,10
1.0,1.0,0.3,0.6,1,10,product,multi_mags,0.9736148573616986,10
1.0,1.0,0.3,0.8,1,10,product,multi_mags,0.9948313850485732,10
1.0,1.0,0.3,0.26,1,8,product,multi_mags,0.9781624902490322,10
1.0,1.0,0.3,0.2,1,20,product,multi_mags,0.9932574830796268,10
1.0,1.0,0.3,0.18,1,20,product,multi_mags,0.9952932208826796,10
1.0,1.0,0.3,0.22,1,10,product,multi_mags,0.9866314817165024,10
1.0,1.0,0.3,0.4,1,20,product,multi_mags,0.9951013666191516,10
1.0,1.0,0.3,0.6,1,20,product,multi_mags,0.9995319826401295,10
1.0,1.0,0.3,0.8,1,20,product,multi_mags,0.9996226213579638,10
1.0,1.0,0.3,0.2,1,30,product,multi_mags,0.995166633682362,10
1.0,1.0,0.3,0.26,1,9,product,multi_mags,0.9821674232840306,10
1.0,1.0,0.3,0.18,1,30,product,multi_mags,0.9986382890841868,10
1.0,1.0,0.3,0.22,1,20,product,multi_mags,0.994258560406286,10
1.0,1.0,0.3,0.4,1,30,product,multi_mags,0.9991699151068038,10
1.0,1.0,0.3,0.6,1,30,product,multi_mags,0.9997119071009016,10
1.0,1.0,0.3,0.8,1,30,product,multi_mags,0.9997179673247282,10
1.0,1.0,0.3,0.2,1,40,product,multi_mags,0.9990014780122972,10
1.0,1.0,0.3,0.18,1,40,product,multi_mags,0.9993321916444886,10
1.0,1.0,0.3,0.26,1,10,product,multi_mags,0.9749322226559756,10
1.0,1.0,0.3,0.22,1,30,product,multi_mags,0.9976731031392492,10
1.0,1.0,0.3,0.4,1,40,product,multi_mags,0.9996690623172012,10
1.0,1.0,0.3,0.6,1,40,product,multi_mags,0.9995538005217744,10
1.0,1.0,0.3,0.2,1,50,product,multi_mags,0.999406125624522,10
1.0,1.0,0.3,0.8,1,40,product,multi_mags,0.9996272983247426,10
1.0,1.0,0.3,0.18,1,50,product,multi_mags,0.9992309059091716,10
1.0,1.0,0.3,0.26,1,20,product,multi_mags,0.9977426166563884,10
1.0,1.0,0.3,0.4,1,50,product,multi_mags,0.9994912605128802,10
1.0,1.0,0.3,0.22,1,40,product,multi_mags,0.999048084484488,10
1.0,1.0,0.3,0.6,1,50,product,multi_mags,0.9996016539638184,10
1.0,1.0,0.3,0.2,1,60,product,multi_mags,0.9995167009593964,10
1.0,1.0,0.3,0.8,1,50,product,multi_mags,0.9997913848985563,10
1.0,1.0,0.3,0.18,1,60,product,multi_mags,0.9989565440371472,10
1.0,1.0,0.3,0.26,1,30,product,multi_mags,0.998387308898534,10
1.0,1.0,0.3,0.4,1,60,product,multi_mags,0.9996753212677912,10
1.0,1.0,0.3,0.22,1,50,product,multi_mags,0.9994469694002484,10
1.0,1.0,0.3,0.6,1,60,product,multi_mags,0.999703221838946,10
1.0,1.0,0.3,0.2,1,70,product,multi_mags,0.9996862245207916,10
1.0,1.0,0.3,0.8,1,60,product,multi_mags,0.9996683969221852,10
1.0,1.0,0.3,0.18,1,70,product,multi_mags,0.9994846823614624,10
1.0,1.0,0.3,0.26,1,40,product,multi_mags,0.9994811000085804,10
1.0,1.0,0.3,0.4,1,70,product,multi_mags,0.999773223831016,10
1.0,1.0,0.3,0.22,1,60,product,multi_mags,0.999444798443904,10
1.0,1.0,0.3,0.6,1,70,product,multi_mags,0.9997065981685884,10
1.0,1.0,0.3,0.2,1,80,product,multi_mags,0.9996311915408248,10
1.0,1.0,0.3,0.8,1,70,product,multi_mags,0.9997194190361248,10
1.0,1.0,0.3,0.18,1,80,product,multi_mags,0.9997822566462806,10
1.0,1.0,0.3,0.4,1,80,product,multi_mags,0.9994544048183588,10
1.0,1.0,0.3,0.26,1,50,product,multi_mags,0.999352859522622,10
1.0,1.0,0.3,0.22,1,70,product,multi_mags,0.9996849008529122,10
1.0,1.0,0.3,0.6,1,80,product,multi_mags,0.9996532342320076,10
1.0,1.0,0.3,0.2,1,90,product,multi_mags,0.9996796995528412,10
1.0,1.0,0.3,0.8,1,80,product,multi_mags,0.999885893190694,10
1.0,1.0,0.3,0.18,1,90,product,multi_mags,0.9997090212846148,10
1.0,1.0,0.3,0.4,1,90,product,multi_mags,0.9996869730784302,10
1.0,1.0,0.3,0.26,1,60,product,multi_mags,0.9997039867091486,10
1.0,1.0,0.3,0.22,1,80,product,multi_mags,0.999041147796473,10
1.0,1.0,0.3,0.6,1,90,product,multi_mags,0.9996907623390724,10
1.0,1.0,0.3,0.2,1,100,product,multi_mags,0.9996611349712746,10
1.0,1.0,0.3,0.8,1,90,product,multi_mags,0.9998573888307832,10
1.0,1.0,0.3,0.18,1,100,product,multi_mags,0.9998057732752118,10
1.0,1.0,0.3,0.4,1,100,product,multi_mags,0.9996361472323108,10
1.0,1.0,0.3,0.26,1,70,product,multi_mags,0.9996519262305894,10
1.0,1.0,0.3,0.6,1,100,product,multi_mags,0.9997040853072644,10
1.0,1.0,0.3,0.22,1,90,product,multi_mags,0.999468562632512,10
1.0,1.0,0.3,0.8,1,100,product,multi_mags,0.9997624394605644,10
1.0,1.0,0.3,0.26,1,80,product,multi_mags,0.99977447000785,10
1.0,1.0,0.3,0.22,1,100,product,multi_mags,0.9997215631143808,10
1.0,1.0,0.3,0.26,1,90,product,multi_mags,0.9995850003750558,10
1.0,1.0,0.3,0.26,1,100,product,multi_mags,0.9998310849395708,10
1.0,1.0,0.3,0.14,1,1,product,multi_mags,0.9139526631603048,10
1.0,1.0,0.3,0.24,1,1,product,multi_mags,0.8792660248842235,10
1.0,1.0,0.3,0.14,1,2,product,multi_mags,0.9575912690651684,10
1.0,1.0,0.3,0.24,1,2,product,multi_mags,0.8112078623668367,10
1.0,1.0,0.3,0.14,1,3,product,multi_mags,0.9028904348379732,10
1.0,1.0,0.3,0.24,1,3,product,multi_mags,0.9383804215406912,10
1.0,1.0,0.3,0.14,1,4,product,multi_mags,0.9720171654046552,10
1.0,1.0,0.3,0.24,1,4,product,multi_mags,0.9539639103544388,10
1.0,1.0,0.3,0.14,1,5,product,multi_mags,0.9695805448976756,10
1.0,1.0,0.3,0.24,1,5,product,multi_mags,0.9694873737333248,10
1.0,1.0,0.3,0.14,1,6,product,multi_mags,0.974309657367325,10
1.0,1.0,0.3,0.24,1,6,product,multi_mags,0.9388082429389945,10
1.0,1.0,0.3,0.14,1,7,product,multi_mags,0.9665279524347964,10
1.0,1.0,0.3,0.24,1,7,product,multi_mags,0.9709523259577388,10
1.0,1.0,0.3,0.14,1,8,product,multi_mags,0.9726545271532826,10
1.0,1.0,0.3,0.24,1,8,product,multi_mags,0.9726302925261904,10
1.0,1.0,0.3,0.14,1,9,product,multi_mags,0.964191875668836,10
1.0,1.0,0.3,0.24,1,9,product,multi_mags,0.9704715778483888,10
1.0,1.0,0.3,0.14,1,10,product,multi_mags,0.9851187326887684,10
1.0,1.0,0.3,0.24,1,10,product,multi_mags,0.9678621358478,10
1.0,1.0,0.3,0.14,1,20,product,multi_mags,0.9910828226742576,10
1.0,1.0,0.3,0.14,1,30,product,multi_mags,0.9962109204029076,10
1.0,1.0,0.3,0.24,1,20,product,multi_mags,0.986171922678786,10
1.0,1.0,0.3,0.14,1,40,product,multi_mags,0.9993161752199256,10
1.0,1.0,0.3,0.24,1,30,product,multi_mags,0.9979509167544532,10
1.0,1.0,0.3,0.14,1,50,product,multi_mags,0.9975421431523568,10
1.0,1.0,0.3,0.24,1,40,product,multi_mags,0.9991620797564648,10
1.0,1.0,0.3,0.14,1,60,product,multi_mags,0.9994918826243124,10
1.0,1.0,0.3,0.24,1,50,product,multi_mags,0.9996443658692376,10
1.0,1.0,0.3,0.14,1,70,product,multi_mags,0.9998074716202906,10
1.0,1.0,0.3,0.24,1,60,product,multi_mags,0.9992717487863052,10
1.0,1.0,0.3,0.14,1,80,product,multi_mags,0.9997935303250988,10
1.0,1.0,0.3,0.24,1,70,product,multi_mags,0.999764578495186,10
1.0,1.0,0.3,0.14,1,90,product,multi_mags,0.999275192458442,10
1.0,1.0,0.3,0.24,1,80,product,multi_mags,0.9995543100876598,10
1.0,1.0,0.3,0.14,1,100,product,multi_mags,0.999651826769927,10
1.0,1.0,0.3,0.24,1,90,product,multi_mags,0.9997094721758324,10
1.0,1.0,0.3,0.24,1,100,product,multi_mags,0.9997202473815961,10
